<application>
  <component name="DefaultFont">
    <option name="VERSION" value="1" />
    <option name="FONT_SIZE" value="17" />
    <option name="FONT_SIZE_2D" value="17.0" />
    <option name="FONT_FAMILY" value="Cascursive" />
    <option name="FONT_REGULAR_SUB_FAMILY" value="Regular" />
    <option name="FONT_BOLD_SUB_FAMILY" value="Regular" />
    <option name="LINE_SPACING" value="2.1" />
    <option name="USE_LIGATURES" value="true" />
    <option name="SECONDARY_FONT_FAMILY" value="Fisa Code" />
  </component>
</application>